observed_date,observed_at_utc,origin,destination,origin_airport,destination_airport,departure_date,days_until_departure,price,airline,flight_number,transfers,duration_min
2026-10-01,2026-10-02T02:18:18+00:00,NYC,TPE,JFK,TPE,2026-10-03,2,463,AA,076,2,2266
2026-10-01,2026-10-02T02:18:18+00:00,NYC,TPE,EWR,TPE,2026-10-06,5,536,UA,1960,1,1400
2026-10-01,2026-10-02T02:18:18+00:00,NYC,TPE,EWR,TPE,2026-10-05,4,538,UA,1960,1,1400
2026-10-01,2026-10-02T02:18:18+00:00,NYC,TPE,LGA,TPE,2026-10-04,3,538,UA,2617,2,1795
2026-10-01,2026-10-02T02:18:18+00:00,NYC,TPE,EWR,TPE,2026-10-08,7,549,UA,1366,2,1485
2026-10-01,2026-10-02T02:18:18+00:00,NYC,TPE,JFK,TPE,2026-11-01,31,478,PR,127,1,1870
2026-10-01,2026-10-02T02:18:18+00:00,NYC,TPE,JFK,TPE,2026-12-08,68,516,OZ,221,1,2060
2026-10-01,2026-10-02T02:18:18+00:00,NYC,TPE,EWR,TPE,2027-01-07,98,507,UA,1777,1,1310
2026-10-01,2026-10-02T02:18:18+00:00,TPE,NYC,TPE,EWR,2026-10-29,28,521,UA,852,1,2104
2026-10-01,2026-10-02T02:18:18+00:00,TPE,NYC,TPE,LGA,2026-10-02,1,591,TR,872,2,2460
2026-10-01,2026-10-02T02:18:18+00:00,TPE,NYC,TPE,LGA,2026-10-03,2,607,ZE,8814,2,1990
2026-10-01,2026-10-02T02:18:18+00:00,TPE,NYC,TPE,LGA,2026-11-01,31,519,UA,852,2,1403
2026-10-01,2026-10-02T02:18:18+00:00,NYC,STL,LGA,STL,2026-10-19,18,149,F9,3287,1,750
2026-10-01,2026-10-02T02:18:18+00:00,NYC,STL,EWR,STL,2026-10-11,10,188,F9,1659,1,1098
2026-10-01,2026-10-02T02:18:18+00:00,NYC,STL,LGA,STL,2026-10-05,4,205,F9,3287,1,475
2026-10-01,2026-10-02T02:18:18+00:00,NYC,STL,EWR,STL,2026-10-08,7,212,F9,1659,1,1098
2026-10-01,2026-10-02T02:18:18+00:00,NYC,STL,LGA,STL,2026-10-17,16,223,F9,3453,1,2981
2026-10-01,2026-10-02T02:18:18+00:00,NYC,STL,LGA,STL,2026-10-02,1,226,F9,3287,1,475
2026-10-01,2026-10-02T02:18:18+00:00,NYC,STL,LGA,STL,2026-10-06,5,243,WN,2549,0,160
2026-10-01,2026-10-02T02:18:18+00:00,NYC,STL,LGA,STL,2026-10-03,2,258,WN,2089,0,160
2026-10-01,2026-10-02T02:18:18+00:00,NYC,STL,EWR,STL,2026-12-20,80,237,AA,1936,1,368
2026-10-01,2026-10-02T02:18:18+00:00,NYC,STL,LGA,STL,2027-03-11,161,219,AA,4461,0,177
2026-10-01,2026-10-02T02:18:18+00:00,STL,NYC,STL,LGA,2026-10-10,9,165,AA,4450,0,153
2026-10-01,2026-10-02T02:18:18+00:00,STL,NYC,STL,EWR,2026-10-09,8,186,F9,2636,1,452
2026-10-01,2026-10-02T02:18:18+00:00,STL,NYC,STL,LGA,2026-10-07,6,205,F9,4474,1,330
2026-10-01,2026-10-02T02:18:18+00:00,STL,NYC,STL,EWR,2026-10-05,4,205,F9,4474,1,355
2026-10-01,2026-10-02T02:18:18+00:00,STL,NYC,STL,LGA,2026-10-04,3,244,WN,1103,0,140
2026-10-01,2026-10-02T02:18:18+00:00,STL,NYC,STL,EWR,2026-11-22,52,192,F9,2636,1,1590
2026-10-01,2026-10-02T02:18:18+00:00,NYC,YVR,EWR,YVR,2026-10-20,19,213,PD,2128,2,795
2026-10-01,2026-10-02T02:18:18+00:00,NYC,YVR,LGA,YVR,2026-10-28,27,216,PD,604,1,540
2026-10-01,2026-10-02T02:18:18+00:00,NYC,YVR,JFK,YVR,2026-10-11,10,245,B6,603,0,387
2026-10-01,2026-10-02T02:18:18+00:00,NYC,YVR,JFK,YVR,2026-10-14,13,253,AS,021,1,475
2026-10-01,2026-10-02T02:18:18+00:00,NYC,YVR,EWR,YVR,2026-10-08,7,286,AS,1399,2,779
2026-10-01,2026-10-02T02:18:18+00:00,NYC,YVR,EWR,YVR,2026-10-10,9,297,AS,1399,2,655
2026-10-01,2026-10-02T02:18:18+00:00,NYC,YVR,EWR,YVR,2026-10-07,6,307,AC,585,1,498
2026-10-01,2026-10-02T02:18:18+00:00,NYC,YVR,EWR,YVR,2026-10-09,8,316,AC,549,0,353
2026-10-01,2026-10-02T02:18:18+00:00,NYC,YVR,EWR,YVR,2027-05-23,234,219,PD,2338,1,490
2026-10-01,2026-10-02T02:18:18+00:00,YVR,NYC,YVR,EWR,2026-10-07,6,275,AC,302,1,560
2026-10-01,2026-10-02T02:18:18+00:00,YVR,NYC,YVR,EWR,2026-10-05,4,276,UA,640,1,643
2026-10-01,2026-10-02T02:18:18+00:00,YVR,NYC,YVR,EWR,2026-10-09,8,278,UA,733,0,323
2026-10-01,2026-10-02T02:18:18+00:00,YVR,NYC,YVR,EWR,2026-10-06,5,280,AC,182,1,550
2026-10-01,2026-10-02T02:18:18+00:00,YVR,NYC,YVR,JFK,2026-10-10,9,291,B6,604,0,320
2026-10-01,2026-10-02T02:18:18+00:00,YVR,NYC,YVR,JFK,2026-10-11,10,292,B6,604,0,320
2026-10-01,2026-10-02T02:18:18+00:00,YVR,NYC,YVR,EWR,2026-10-12,11,305,UA,640,1,778
2026-10-01,2026-10-02T02:18:18+00:00,YVR,NYC,YVR,EWR,2026-10-08,7,332,AC,548,0,303
2026-10-01,2026-10-02T02:18:18+00:00,YVR,NYC,YVR,EWR,2026-10-02,1,350,AC,548,0,303
2026-10-01,2026-10-02T02:18:18+00:00,YVR,NYC,YVR,LGA,2026-10-03,2,394,AA,1415,1,524
2026-10-01,2026-10-02T02:18:18+00:00,YVR,NYC,YVR,LGA,2026-12-09,69,211,PD,302,1,479
2026-10-01,2026-10-02T02:18:18+00:00,YVR,NYC,YVR,LGA,2026-12-08,68,211,PD,302,1,479
2026-10-01,2026-10-02T02:18:18+00:00,YVR,NYC,YVR,EWR,2027-07-01,273,235,AC,548,0,303
2026-10-01,2026-10-02T02:18:18+00:00,NYC,SHA,JFK,PVG,2026-10-17,16,447,AA,300,2,3160
2026-10-01,2026-10-02T02:18:18+00:00,NYC,SHA,JFK,PVG,2026-10-28,27,471,AA,33,2,1751
2026-10-01,2026-10-02T02:18:18+00:00,NYC,SHA,JFK,PVG,2026-10-08,7,478,AA,171,2,2670
2026-10-01,2026-10-02T02:18:18+00:00,NYC,SHA,JFK,PVG,2026-10-14,13,478,AA,300,2,3160
2026-10-01,2026-10-02T02:18:18+00:00,NYC,SHA,JFK,PVG,2026-10-04,3,489,AA,33,2,2610
2026-10-01,2026-10-02T02:18:18+00:00,NYC,SHA,JFK,PVG,2026-10-11,10,595,PR,127,1,1470
2026-10-01,2026-10-02T02:18:18+00:00,NYC,SHA,JFK,PVG,2026-10-12,11,688,EY,2,3,3720
2026-10-01,2026-10-02T02:18:18+00:00,NYC,SHA,EWR,PVG,2026-10-03,2,699,UA,2692,1,1240
2026-10-01,2026-10-02T02:18:18+00:00,NYC,SHA,JFK,PVG,2026-10-10,9,833,SV,22,3,4325
2026-10-01,2026-10-02T02:18:18+00:00,NYC,SHA,JFK,PVG,2026-10-07,6,873,EY,4,3,3760
2026-10-01,2026-10-02T02:18:18+00:00,NYC,SHA,JFK,PVG,2026-10-05,4,909,EY,2,3,3435
2026-10-01,2026-10-02T02:18:18+00:00,NYC,SHA,JFK,PVG,2026-10-06,5,961,EY,2,3,3885
2026-10-01,2026-10-02T02:18:18+00:00,NYC,SHA,JFK,PVG,2026-11-10,40,466,AA,171,2,1780
2026-10-01,2026-10-02T02:18:18+00:00,NYC,SHA,JFK,PVG,2026-11-30,60,497,AA,341,2,2115
2026-10-01,2026-10-02T02:18:18+00:00,NYC,SHA,JFK,PVG,2026-11-20,50,664,OZ,221,1,1345
2026-10-01,2026-10-02T02:18:18+00:00,NYC,SHA,EWR,PVG,2026-12-29,89,612,UA,2692,1,1290
2026-10-01,2026-10-02T02:18:18+00:00,NYC,SHA,EWR,PVG,2026-12-26,86,733,TK,30,1,2570
2026-10-01,2026-10-02T02:18:18+00:00,NYC,SHA,JFK,PVG,2026-12-21,81,981,H4,102,3,2275
2026-10-01,2026-10-02T02:18:18+00:00,NYC,SHA,JFK,PVG,2026-12-19,79,1078,FI,614,3,2970
2026-10-01,2026-10-02T02:18:18+00:00,NYC,SHA,JFK,PVG,2026-12-17,77,1131,FI,614,3,2080
2026-10-01,2026-10-02T02:18:18+00:00,SHA,NYC,PVG,EWR,2026-10-05,4,507,SC,4602,2,2775
2026-10-01,2026-10-02T02:18:18+00:00,SHA,NYC,PVG,EWR,2026-10-21,20,509,SC,4604,2,2185
2026-10-01,2026-10-02T02:18:18+00:00,SHA,NYC,PVG,EWR,2026-10-27,26,515,ZE,872,1,1900
2026-10-01,2026-10-02T02:18:18+00:00,SHA,NYC,PVG,EWR,2026-10-09,8,530,9C,8559,1,2470
2026-10-01,2026-10-02T02:18:18+00:00,SHA,NYC,PVG,EWR,2026-10-13,12,542,9C,8559,1,2470
2026-10-01,2026-10-02T02:18:18+00:00,SHA,NYC,PVG,EWR,2026-10-07,6,550,ZE,872,1,1770
2026-10-01,2026-10-02T02:18:18+00:00,SHA,NYC,PVG,EWR,2026-10-14,13,552,UA,199,2,1293
2026-10-01,2026-10-02T02:18:18+00:00,SHA,NYC,PVG,EWR,2026-10-22,21,554,UA,199,2,1293
2026-10-01,2026-10-02T02:18:18+00:00,SHA,NYC,PVG,JFK,2026-10-15,14,556,AI,351,1,2860
2026-10-01,2026-10-02T02:18:18+00:00,SHA,NYC,PVG,EWR,2026-10-29,28,556,UA,858,2,1245
2026-10-01,2026-10-02T02:18:18+00:00,SHA,NYC,PVG,EWR,2026-10-19,18,557,UA,199,2,1293
2026-10-01,2026-10-02T02:18:18+00:00,SHA,NYC,PVG,EWR,2026-10-20,19,557,UA,199,2,1293
2026-10-01,2026-10-02T02:18:18+00:00,SHA,NYC,PVG,JFK,2026-10-17,16,557,AI,351,1,2860
2026-10-01,2026-10-02T02:18:18+00:00,SHA,NYC,PVG,JFK,2026-10-31,30,563,AI,351,1,2755
2026-10-01,2026-10-02T02:18:18+00:00,SHA,NYC,PVG,JFK,2026-10-10,9,564,AI,351,1,2860
2026-10-01,2026-10-02T02:18:18+00:00,SHA,NYC,PVG,EWR,2026-10-12,11,565,UA,199,1,1337
2026-10-01,2026-10-02T02:18:18+00:00,SHA,NYC,PVG,JFK,2026-10-16,15,565,CA,8358,1,2340
2026-10-01,2026-10-02T02:18:18+00:00,SHA,NYC,PVG,JFK,2026-10-11,10,565,CA,8332,1,1545
2026-10-01,2026-10-02T02:18:18+00:00,SHA,NYC,PVG,EWR,2026-10-26,25,566,UA,199,2,1609
2026-10-01,2026-10-02T02:18:18+00:00,SHA,NYC,PVG,EWR,2026-10-08,7,568,9C,8559,1,2470
2026-10-01,2026-10-02T02:18:18+00:00,SHA,NYC,PVG,LGA,2026-10-30,29,578,AC,28,1,1783
2026-10-01,2026-10-02T02:18:18+00:00,SHA,NYC,PVG,JFK,2026-10-24,23,584,CA,8332,1,1545
2026-10-01,2026-10-02T02:18:18+00:00,SHA,NYC,PVG,EWR,2026-10-04,3,597,9C,8559,1,2470
2026-10-01,2026-10-02T02:18:18+00:00,SHA,NYC,PVG,EWR,2026-10-03,2,598,SC,4606,2,1970
2026-10-01,2026-10-02T02:18:18+00:00,SHA,NYC,PVG,EWR,2026-10-02,1,686,CZ,6448,2,3485
2026-10-01,2026-10-02T02:18:18+00:00,SHA,NYC,PVG,EWR,2026-11-05,35,536,ZE,872,1,1900
2026-10-01,2026-10-02T02:18:18+00:00,SHA,NYC,PVG,EWR,2026-11-12,42,548,FM,9231,4,1714
2026-10-01,2026-10-02T02:18:18+00:00,SHA,NYC,PVG,EWR,2026-11-04,34,548,ZE,872,1,1900
2026-10-01,2026-10-02T02:18:18+00:00,SHA,NYC,PVG,EWR,2026-11-03,33,555,SC,4608,2,2100
2026-10-01,2026-10-02T02:18:18+00:00,SHA,NYC,PVG,JFK,2026-11-07,37,556,AI,351,1,2755
2026-10-01,2026-10-02T02:18:18+00:00,SHA,NYC,PVG,JFK,2026-11-18,48,569,AA,128,1,1870
2026-10-01,2026-10-02T02:18:18+00:00,SHA,NYC,PVG,EWR,2026-11-19,49,571,ZE,872,3,1833
2026-10-01,2026-10-02T02:18:18+00:00,SHA,NYC,PVG,JFK,2026-11-14,44,579,AI,351,1,2755
2026-10-01,2026-10-02T02:18:18+00:00,SHA,NYC,PVG,JFK,2026-12-18,78,547,AI,351,1,2755
2026-10-01,2026-10-02T02:18:18+00:00,SHA,NYC,PVG,JFK,2026-12-08,68,560,AI,351,1,2755
2026-10-01,2026-10-02T02:18:18+00:00,SHA,NYC,PVG,JFK,2026-12-12,72,568,AI,351,1,2755
2026-10-01,2026-10-02T02:18:18+00:00,SHA,NYC,PVG,JFK,2026-12-17,77,568,AA,128,1,1989
2026-10-01,2026-10-02T02:18:18+00:00,SHA,NYC,PVG,LGA,2026-12-02,62,569,AA,128,1,1720
2026-10-01,2026-10-02T02:18:18+00:00,SHA,NYC,PVG,LGA,2026-12-06,66,571,AC,28,1,1053
2026-10-01,2026-10-02T02:18:18+00:00,SHA,NYC,PVG,LGA,2026-12-01,61,573,AA,128,1,1720
2026-10-01,2026-10-02T02:18:18+00:00,SHA,NYC,PVG,LGA,2026-12-03,63,573,AA,128,1,1720
2026-10-01,2026-10-02T02:18:18+00:00,SHA,NYC,PVG,LGA,2026-12-11,71,577,AC,28,1,2203
2026-10-01,2026-10-02T02:18:18+00:00,SHA,NYC,PVG,LGA,2026-12-04,64,578,AC,28,1,1668
2026-10-01,2026-10-02T02:18:18+00:00,SHA,NYC,PVG,LGA,2026-12-10,70,590,AC,28,1,1668
2026-10-01,2026-10-02T02:18:18+00:00,SHA,NYC,PVG,LGA,2026-12-07,67,597,AC,26,2,1703
2026-10-01,2026-10-02T02:18:18+00:00,SHA,NYC,PVG,JFK,2026-12-15,75,601,AI,351,1,2755
2026-10-01,2026-10-02T02:18:18+00:00,SHA,NYC,PVG,LGA,2026-12-05,65,621,OZ,364,2,1353
2026-10-01,2026-10-02T02:18:18+00:00,SHA,NYC,PVG,LGA,2026-12-26,86,621,OZ,364,2,1353
2026-10-01,2026-10-02T02:18:18+00:00,SHA,NYC,PVG,LGA,2027-01-18,109,593,AC,26,2,1761
2026-10-01,2026-10-02T02:18:18+00:00,SHA,NYC,PVG,LGA,2027-02-01,123,595,AC,26,2,1761
2026-10-01,2026-10-02T02:18:18+00:00,SHA,NYC,PVG,LGA,2027-03-11,161,576,AC,28,1,1666
2026-10-01,2026-10-02T02:18:18+00:00,SHA,NYC,PVG,LGA,2027-04-14,195,564,AC,26,2,1793
2026-10-01,2026-10-02T02:18:18+00:00,SHA,NYC,PVG,LGA,2027-04-01,182,578,AC,28,1,2006
2026-10-01,2026-10-02T02:18:18+00:00,SHA,NYC,PVG,EWR,2027-04-15,196,579,UA,199,1,1259
2026-10-01,2026-10-02T02:18:18+00:00,SHA,NYC,PVG,LGA,2027-08-30,333,688,CA,929,2,1302
2026-10-01,2026-10-02T02:18:18+00:00,NYC,REK,EWR,KEF,2026-10-25,24,422,FI,622,0,340
2026-10-01,2026-10-02T02:18:18+00:00,NYC,REK,EWR,KEF,2026-10-14,13,451,LH,403,2,1255
2026-10-01,2026-10-02T02:18:18+00:00,NYC,REK,JFK,KEF,2027-02-05,127,410,FI,614,0,345
2026-10-01,2026-10-02T02:18:18+00:00,REK,NYC,KEF,JFK,2026-10-08,7,443,FI,619,0,375
2026-10-01,2026-10-02T02:18:18+00:00,REK,NYC,KEF,JFK,2026-10-05,4,461,FI,615,0,380
2026-10-01,2026-10-02T02:18:18+00:00,REK,NYC,KEF,JFK,2026-10-20,19,461,FI,615,0,380
2026-10-01,2026-10-02T02:18:18+00:00,REK,NYC,KEF,JFK,2026-10-04,3,476,FI,615,0,380
2026-10-01,2026-10-02T02:18:18+00:00,REK,NYC,KEF,EWR,2026-10-10,9,512,FI,623,0,375
2026-10-01,2026-10-02T02:18:18+00:00,REK,NYC,KEF,JFK,2026-10-03,2,1340,EC,3972,2,1435
2026-10-01,2026-10-02T02:18:18+00:00,REK,NYC,KEF,JFK,2026-11-12,42,403,LS,1568,3,2085
2026-10-01,2026-10-02T02:18:18+00:00,REK,NYC,KEF,JFK,2026-11-19,49,481,FI,615,0,370
2026-10-01,2026-10-02T02:18:18+00:00,REK,NYC,KEF,EWR,2026-11-16,46,512,FI,623,0,385
2026-10-01,2026-10-02T02:18:18+00:00,REK,NYC,KEF,EWR,2026-12-09,69,449,FI,623,0,385
2026-10-01,2026-10-02T02:18:18+00:00,REK,NYC,KEF,JFK,2026-12-25,85,1074,W4,6454,2,3485
2026-10-01,2026-10-02T02:18:18+00:00,REK,NYC,KEF,EWR,2027-01-09,100,652,U2,3968,2,3300
2026-10-01,2026-10-02T02:18:18+00:00,REK,NYC,KEF,JFK,2027-02-05,127,470,FI,615,0,370
2026-10-01,2026-10-02T02:18:18+00:00,NYC,LAX,LGA,LAX,2026-10-27,26,126,F9,3453,2,1129
2026-10-01,2026-10-02T02:18:18+00:00,NYC,LAX,EWR,LAX,2026-10-28,27,150,F9,4601,1,558
2026-10-01,2026-10-02T02:18:18+00:00,NYC,ONT,JFK,ONT,2026-10-15,14,161,AS,335,1,574
2026-10-01,2026-10-02T02:18:18+00:00,NYC,LAX,LGA,LAX,2026-10-29,28,161,F9,3287,1,529
2026-10-01,2026-10-02T02:18:18+00:00,NYC,LAX,EWR,LAX,2026-10-26,25,162,F9,1157,2,2270
2026-10-01,2026-10-02T02:18:18+00:00,NYC,ONT,JFK,ONT,2026-10-23,22,162,AS,335,1,574
2026-10-01,2026-10-02T02:18:18+00:00,NYC,ONT,JFK,ONT,2026-10-16,15,164,AS,335,1,574
2026-10-01,2026-10-02T02:18:18+00:00,NYC,ONT,JFK,ONT,2026-10-30,29,165,AS,335,1,574
2026-10-01,2026-10-02T02:18:18+00:00,NYC,ONT,LGA,ONT,2026-10-31,30,166,WN,936,1,640
2026-10-01,2026-10-02T02:18:18+00:00,NYC,ONT,LGA,ONT,2026-10-21,20,169,WN,1077,1,555
2026-10-01,2026-10-02T02:18:18+00:00,NYC,ONT,LGA,ONT,2026-10-24,23,176,WN,202,1,690
2026-10-01,2026-10-02T02:18:18+00:00,NYC,LAX,EWR,LAX,2026-10-20,19,179,F9,4601,1,552
2026-10-01,2026-10-02T02:18:18+00:00,NYC,LAX,JFK,LAX,2026-10-19,18,213,B6,1223,0,378
2026-10-01,2026-10-02T02:18:18+00:00,NYC,LAX,JFK,LAX,2026-10-22,21,215,AS,335,1,579
2026-10-01,2026-10-02T02:18:18+00:00,NYC,ONT,JFK,ONT,2026-10-17,16,227,AA,475,1,600
2026-10-01,2026-10-02T02:18:18+00:00,NYC,LAX,EWR,LAX,2026-10-25,24,234,UA,2434,0,376
2026-10-01,2026-10-02T02:18:18+00:00,NYC,ONT,LGA,ONT,2026-10-14,13,235,WN,4644,1,650
2026-10-01,2026-10-02T02:18:18+00:00,NYC,ONT,LGA,ONT,2026-10-08,7,252,AA,3295,1,612
2026-10-01,2026-10-02T02:18:18+00:00,NYC,LAX,EWR,LAX,2026-10-06,5,260,F9,4601,1,547
2026-10-01,2026-10-02T02:18:18+00:00,NYC,LAX,LGA,LAX,2026-10-07,6,260,F9,3287,1,512
2026-10-01,2026-10-02T02:18:18+00:00,NYC,ONT,LGA,ONT,2026-10-13,12,268,WN,2341,2,675
2026-10-01,2026-10-02T02:18:18+00:00,NYC,LAX,LGA,LAX,2026-10-03,2,269,F9,3423,1,835
2026-10-01,2026-10-02T02:18:18+00:00,NYC,LAX,LGA,LAX,2026-10-04,3,271,F9,3287,1,512
2026-10-01,2026-10-02T02:18:18+00:00,NYC,ONT,LGA,ONT,2026-10-10,9,272,AA,2232,1,527
2026-10-01,2026-10-02T02:18:18+00:00,NYC,LAX,LGA,BUR,2026-10-12,11,275,WN,2535,1,965
2026-10-01,2026-10-02T02:18:18+00:00,NYC,LAX,LGA,LAX,2026-10-05,4,277,F9,3287,1,867
2026-10-01,2026-10-02T02:18:18+00:00,NYC,LAX,EWR,LAX,2026-10-02,1,289,F9,2471,1,779
2026-10-01,2026-10-02T02:18:18+00:00,NYC,ONT,JFK,ONT,2026-10-09,8,295,AA,1186,1,443
2026-10-01,2026-10-02T02:18:18+00:00,NYC,LAX,LGA,LAX,2026-10-18,17,328,UA,2389,1,4071
2026-10-01,2026-10-02T02:18:18+00:00,NYC,ONT,LGA,ONT,2026-10-11,10,349,WN,2548,2,620
2026-10-01,2026-10-02T02:18:18+00:00,NYC,LAX,LGA,LAX,2026-11-17,47,113,F9,3287,1,529
2026-10-01,2026-10-02T02:18:18+00:00,NYC,LAX,EWR,LAX,2026-11-09,39,117,F9,1157,2,1704
2026-10-01,2026-10-02T02:18:18+00:00,NYC,LAX,LGA,LAX,2026-11-03,33,136,F9,3287,2,1253
2026-10-01,2026-10-02T02:18:18+00:00,NYC,ONT,LGA,ONT,2026-11-21,51,147,F9,3423,1,745
2026-10-01,2026-10-02T02:18:18+00:00,NYC,LAX,LGA,LAX,2026-11-11,41,147,F9,3453,2,1038
2026-10-01,2026-10-02T02:18:18+00:00,NYC,LAX,LGA,LAX,2026-11-18,48,150,F9,3287,2,766
2026-10-01,2026-10-02T02:18:18+00:00,NYC,LAX,EWR,LAX,2026-11-10,40,161,F9,4601,1,558
2026-10-01,2026-10-02T02:18:18+00:00,NYC,LAX,LGA,LAX,2026-11-05,35,162,F9,3287,1,529
2026-10-01,2026-10-02T02:18:18+00:00,NYC,LAX,LGA,LAX,2026-11-12,42,163,F9,3287,1,529
2026-10-01,2026-10-02T02:18:18+00:00,NYC,LAX,LGA,LAX,2026-11-15,45,166,F9,3287,1,529
2026-10-01,2026-10-02T02:18:18+00:00,NYC,LAX,EWR,LAX,2026-11-22,52,167,F9,1659,1,759
2026-10-01,2026-10-02T02:18:18+00:00,NYC,LAX,EWR,LAX,2026-11-04,34,168,F9,4601,1,558
2026-10-01,2026-10-02T02:18:18+00:00,NYC,ONT,LGA,ONT,2026-11-14,44,169,WN,2562,1,505
2026-10-01,2026-10-02T02:18:18+00:00,NYC,ONT,LGA,ONT,2026-11-06,36,173,AA,3279,1,527
2026-10-01,2026-10-02T02:18:18+00:00,NYC,LAX,EWR,LAX,2026-11-20,50,173,F9,4601,1,541
2026-10-01,2026-10-02T02:18:18+00:00,NYC,LAX,EWR,LAX,2026-11-08,38,199,AS,299,1,621
2026-10-01,2026-10-02T02:18:18+00:00,NYC,LAX,LGA,LAX,2026-11-02,32,207,B6,1471,1,710
2026-10-01,2026-10-02T02:18:18+00:00,NYC,LAX,JFK,LAX,2026-11-01,31,214,AS,21,1,621
2026-10-01,2026-10-02T02:18:18+00:00,NYC,ONT,EWR,ONT,2026-11-26,56,217,F9,1157,2,921
2026-10-01,2026-10-02T02:18:18+00:00,NYC,LAX,EWR,LAX,2026-11-24,54,243,SY,1980,2,1790
2026-10-01,2026-10-02T02:18:18+00:00,NYC,ONT,EWR,ONT,2026-11-25,55,277,AA,2938,1,665
2026-10-01,2026-10-02T02:18:18+00:00,NYC,LAX,LGA,BUR,2026-11-30,60,315,WN,2557,2,970
2026-10-01,2026-10-02T02:18:18+00:00,NYC,LAX,EWR,LAX,2026-11-29,59,358,F9,1157,2,2648
2026-10-01,2026-10-02T02:18:18+00:00,NYC,ONT,EWR,ONT,2026-12-02,62,136,F9,4601,2,1155
2026-10-01,2026-10-02T02:18:18+00:00,NYC,LAX,EWR,LAX,2026-12-08,68,143,F9,4601,2,1257
2026-10-01,2026-10-02T02:18:18+00:00,SWF,LAX,SWF,LAX,2026-12-05,65,162,MX,2366,2,863
2026-10-01,2026-10-02T02:18:18+00:00,NYC,LAX,EWR,LAX,2026-12-07,67,166,F9,1157,2,967
2026-10-01,2026-10-02T02:18:18+00:00,NYC,LAX,LGA,LAX,2026-12-01,61,167,F9,3457,3,3388
2026-10-01,2026-10-02T02:18:18+00:00,NYC,ONT,LGA,ONT,2026-12-04,64,168,WN,264,1,640
2026-10-01,2026-10-02T02:18:18+00:00,NYC,ONT,LGA,ONT,2026-12-03,63,169,WN,2576,1,525
2026-10-01,2026-10-02T02:18:18+00:00,NYC,LAX,EWR,LAX,2026-12-15,75,172,AS,287,0,395
2026-10-01,2026-10-02T02:18:18+00:00,SWF,LAX,SWF,LAX,2026-12-06,66,186,G4,523,3,3373
2026-10-01,2026-10-02T02:18:18+00:00,NYC,ONT,LGA,ONT,2026-12-31,91,192,AA,1363,1,654
2026-10-01,2026-10-02T02:18:18+00:00,NYC,LAX,LGA,LAX,2026-12-17,77,207,B6,71,1,680
2026-10-01,2026-10-02T02:18:18+00:00,NYC,LAX,EWR,LAX,2026-12-30,90,240,F9,4601,1,922
2026-10-01,2026-10-02T02:18:18+00:00,NYC,ONT,EWR,ONT,2026-12-24,84,275,AA,1664,1,683
2026-10-01,2026-10-02T02:18:18+00:00,NYC,ONT,JFK,ONT,2026-12-29,89,275,AA,2829,1,586
2026-10-01,2026-10-02T02:18:18+00:00,NYC,ONT,LGA,ONT,2026-12-25,85,299,WN,264,1,640
2026-10-01,2026-10-02T02:18:18+00:00,NYC,ONT,LGA,ONT,2026-12-28,88,306,WN,2581,2,620
2026-10-01,2026-10-02T02:18:18+00:00,NYC,LAX,LGA,LAX,2026-12-27,87,338,UA,2389,1,4046
2026-10-01,2026-10-02T02:18:18+00:00,NYC,LAX,JFK,LAX,2026-12-26,86,365,B6,823,0,383
2026-10-01,2026-10-02T02:18:18+00:00,NYC,LAX,JFK,LAX,2026-12-23,83,371,AA,3162,1,530
2026-10-01,2026-10-02T02:18:18+00:00,NYC,ONT,JFK,ONT,2027-01-12,103,161,AS,23,1,761
2026-10-01,2026-10-02T02:18:18+00:00,NYC,ONT,JFK,ONT,2027-01-13,104,163,AS,23,1,761
2026-10-01,2026-10-02T02:18:18+00:00,NYC,ONT,JFK,ONT,2027-01-27,118,163,AS,23,1,761
2026-10-01,2026-10-02T02:18:18+00:00,NYC,ONT,LGA,ONT,2027-01-16,107,165,AA,1987,1,568
2026-10-01,2026-10-02T02:18:18+00:00,NYC,ONT,LGA,ONT,2027-01-06,97,173,WN,2324,1,550
2026-10-01,2026-10-02T02:18:18+00:00,NYC,LAX,EWR,LAX,2027-01-23,114,173,AS,287,0,386
2026-10-01,2026-10-02T02:18:18+00:00,NYC,ONT,LGA,ONT,2027-01-21,112,176,WN,2324,1,550
2026-10-01,2026-10-02T02:18:18+00:00,NYC,ONT,LGA,ONT,2027-01-11,102,181,WN,1062,1,580
2026-10-01,2026-10-02T02:18:18+00:00,NYC,LAX,EWR,LAX,2027-01-14,105,199,AS,219,1,585
2026-10-01,2026-10-02T02:18:18+00:00,NYC,LAX,EWR,LAX,2027-01-18,109,202,AS,287,0,386
2026-10-01,2026-10-02T02:18:18+00:00,NYC,LAX,LGA,BUR,2027-01-04,95,205,WN,2651,2,785
2026-10-01,2026-10-02T02:18:18+00:00,NYC,LAX,EWR,LAX,2027-01-01,92,212,F9,4601,1,922
2026-10-01,2026-10-02T02:18:18+00:00,NYC,LAX,JFK,LAX,2027-01-05,96,216,AS,21,1,784
2026-10-01,2026-10-02T02:18:18+00:00,NYC,LAX,LGA,LAX,2027-01-03,94,324,F9,2651,2,2469
2026-10-01,2026-10-02T02:18:18+00:00,NYC,LAX,JFK,LAX,2027-01-02,93,331,B6,123,0,375
2026-10-01,2026-10-02T02:18:18+00:00,NYC,LAX,EWR,LAX,2027-02-20,142,172,AS,1555,0,368
2026-10-01,2026-10-02T02:18:18+00:00,NYC,LAX,EWR,LAX,2027-02-27,149,175,AS,1556,0,368
2026-10-01,2026-10-02T02:18:18+00:00,NYC,LAX,EWR,LAX,2027-02-12,134,207,AS,290,1,641
2026-10-01,2026-10-02T02:18:18+00:00,NYC,LAX,EWR,LAX,2027-02-14,136,213,AS,287,0,368
2026-10-01,2026-10-02T02:18:18+00:00,NYC,ONT,JFK,ONT,2027-03-09,159,163,AS,21,1,647
2026-10-01,2026-10-02T02:18:18+00:00,NYC,LAX,EWR,LAX,2027-03-16,166,191,AS,1555,0,368
2026-10-01,2026-10-02T02:18:18+00:00,NYC,LAX,EWR,LAX,2027-03-19,169,202,AS,287,0,368
2026-10-01,2026-10-02T02:18:18+00:00,NYC,ONT,EWR,ONT,2027-04-06,187,200,AS,299,1,630
2026-10-01,2026-10-02T02:18:18+00:00,NYC,LAX,EWR,LAX,2027-04-01,182,206,AS,40,1,711
2026-10-01,2026-10-02T02:18:18+00:00,NYC,LAX,EWR,LAX,2027-04-02,183,218,AS,287,0,368
2026-10-01,2026-10-02T02:18:18+00:00,NYC,LAX,LGA,BUR,2027-04-04,185,248,WN,1324,2,845
2026-10-01,2026-10-02T02:18:18+00:00,NYC,LAX,EWR,LAX,2027-05-07,218,202,AS,287,0,368
2026-10-01,2026-10-02T02:18:18+00:00,NYC,LAX,EWR,LAX,2027-05-01,212,202,AS,402,0,368
2026-10-01,2026-10-02T02:18:18+00:00,NYC,LAX,EWR,LAX,2027-05-24,235,205,AS,402,0,368
2026-10-01,2026-10-02T02:18:18+00:00,NYC,LAX,EWR,LAX,2027-05-21,232,211,AS,287,0,368
2026-10-01,2026-10-02T02:18:18+00:00,NYC,LAX,EWR,LAX,2027-05-22,233,211,AS,399,0,368
2026-10-01,2026-10-02T02:18:18+00:00,NYC,LAX,JFK,LAX,2027-05-14,225,216,AS,28,1,694
2026-10-01,2026-10-02T02:18:18+00:00,NYC,ONT,LGA,ONT,2027-05-26,237,227,AA,1608,1,560
2026-10-01,2026-10-02T02:18:18+00:00,NYC,LAX,JFK,BUR,2027-05-27,238,279,B6,358,0,389
2026-10-01,2026-10-02T02:18:18+00:00,NYC,LAX,EWR,LAX,2027-06-16,258,208,AS,399,0,368
2026-10-01,2026-10-02T02:18:18+00:00,NYC,LAX,EWR,LAX,2027-06-08,250,211,AS,399,0,368
2026-10-01,2026-10-02T02:18:18+00:00,NYC,LAX,EWR,LAX,2027-06-27,269,266,AS,287,0,368
2026-10-01,2026-10-02T02:18:18+00:00,NYC,LAX,EWR,LAX,2027-07-10,282,222,AS,287,0,368
2026-10-01,2026-10-02T02:18:18+00:00,NYC,ONT,JFK,ONT,2027-08-19,322,171,AS,19,1,560
2026-10-01,2026-10-02T02:18:18+00:00,NYC,LAX,EWR,LAX,2027-08-12,315,211,AS,287,0,368
2026-10-01,2026-10-02T02:18:18+00:00,NYC,LAX,EWR,LAX,2027-08-01,304,222,AS,287,0,368
2026-10-01,2026-10-02T02:18:18+00:00,NYC,LAX,EWR,LAX,2027-09-02,336,495,AC,549,1,1212
2026-10-01,2026-10-02T02:18:18+00:00,NYC,LAX,EWR,LAX,2027-09-01,335,553,AC,8873,3,1007
2026-10-01,2026-10-02T02:18:18+00:00,LAX,NYC,LAX,LGA,2026-10-27,26,148,F9,2334,2,739
2026-10-01,2026-10-02T02:18:18+00:00,ONT,NYC,ONT,JFK,2026-10-24,23,163,AS,544,1,540
2026-10-01,2026-10-02T02:18:18+00:00,ONT,NYC,ONT,JFK,2026-10-23,22,163,AS,2456,1,569
2026-10-01,2026-10-02T02:18:18+00:00,ONT,NYC,ONT,LGA,2026-10-30,29,169,WN,3291,1,435
2026-10-01,2026-10-02T02:18:18+00:00,ONT,NYC,ONT,LGA,2026-10-28,27,169,WN,4907,1,465
2026-10-01,2026-10-02T02:18:18+00:00,LAX,NYC,LAX,EWR,2026-10-29,28,174,F9,2264,2,2662
2026-10-01,2026-10-02T02:18:18+00:00,LAX,NYC,LAX,EWR,2026-10-17,16,176,F9,4964,1,581
2026-10-01,2026-10-02T02:18:18+00:00,LAX,NYC,LAX,EWR,2026-10-19,18,180,F9,2264,3,2016
2026-10-01,2026-10-02T02:18:18+00:00,ONT,NYC,ONT,LGA,2026-10-20,19,180,WN,3270,1,505
2026-10-01,2026-10-02T02:18:18+00:00,ONT,NYC,ONT,LGA,2026-10-21,20,181,WN,3263,1,565
2026-10-01,2026-10-02T02:18:18+00:00,ONT,NYC,ONT,LGA,2026-10-26,25,184,WN,3277,2,770
2026-10-01,2026-10-02T02:18:18+00:00,ONT,NYC,ONT,EWR,2026-10-16,15,186,F9,1406,1,827
2026-10-01,2026-10-02T02:18:18+00:00,LAX,NYC,LAX,EWR,2026-10-22,21,204,F9,4964,1,581
2026-10-01,2026-10-02T02:18:18+00:00,ONT,NYC,ONT,LGA,2026-10-10,9,210,AA,1706,1,470
2026-10-01,2026-10-02T02:18:18+00:00,ONT,NYC,ONT,LGA,2026-10-25,24,219,AA,2737,1,541
2026-10-01,2026-10-02T02:18:18+00:00,ONT,NYC,ONT,JFK,2026-10-14,13,227,B6,454,0,318
2026-10-01,2026-10-02T02:18:18+00:00,LAX,NYC,LAX,JFK,2026-10-18,17,231,F9,3292,1,2859
2026-10-01,2026-10-02T02:18:18+00:00,LAX,NYC,LAX,JFK,2026-10-15,14,232,B6,624,0,330
2026-10-01,2026-10-02T02:18:18+00:00,ONT,NYC,ONT,EWR,2026-10-05,4,237,F9,1406,1,829
2026-10-01,2026-10-02T02:18:18+00:00,ONT,NYC,ONT,EWR,2026-10-04,3,256,F9,1406,1,829
2026-10-01,2026-10-02T02:18:18+00:00,LAX,NYC,LAX,EWR,2026-10-06,5,260,F9,3216,1,462
2026-10-01,2026-10-02T02:18:18+00:00,LAX,NYC,LAX,JFK,2026-10-11,10,262,AS,748,1,807
2026-10-01,2026-10-02T02:18:18+00:00,LAX,NYC,BUR,LGA,2026-10-13,12,275,WN,2178,2,775
2026-10-01,2026-10-02T02:18:18+00:00,LAX,NYC,SNA,EWR,2026-10-07,6,278,AA,698,1,534
2026-10-01,2026-10-02T02:18:18+00:00,LAX,NYC,LAX,EWR,2026-10-02,1,280,F9,4146,1,1461
2026-10-01,2026-10-02T02:18:18+00:00,LAX,NYC,SNA,EWR,2026-10-03,2,288,AA,1939,1,463
2026-10-01,2026-10-02T02:18:18+00:00,ONT,NYC,ONT,JFK,2026-10-12,11,296,AA,2737,1,570
2026-10-01,2026-10-02T02:18:18+00:00,ONT,NYC,ONT,LGA,2026-10-09,8,299,AA,1706,1,470
2026-10-01,2026-10-02T02:18:18+00:00,LAX,NYC,LAX,EWR,2026-10-01,0,324,F9,4146,1,1461
2026-10-01,2026-10-02T02:18:18+00:00,LAX,NYC,LAX,JFK,2026-10-08,7,410,Y4,1717,3,2968
2026-10-01,2026-10-02T02:18:18+00:00,LAX,NYC,LAX,LGA,2026-11-17,47,140,F9,2334,2,739
2026-10-01,2026-10-02T02:18:18+00:00,LAX,NYC,LAX,LGA,2026-11-04,34,146,F9,4548,1,767
2026-10-01,2026-10-02T02:18:18+00:00,LAX,NYC,LAX,EWR,2026-11-16,46,150,F9,2264,3,2019
2026-10-01,2026-10-02T02:18:18+00:00,ONT,NYC,ONT,JFK,2026-11-13,43,163,AS,594,1,552
2026-10-01,2026-10-02T02:18:18+00:00,ONT,NYC,ONT,JFK,2026-11-02,32,163,AS,594,1,552
2026-10-01,2026-10-02T02:18:18+00:00,LAX,NYC,LAX,EWR,2026-11-15,45,164,F9,1756,2,2976
2026-10-01,2026-10-02T02:18:18+00:00,ONT,NYC,ONT,JFK,2026-11-06,36,165,AS,594,1,552
2026-10-01,2026-10-02T02:18:18+00:00,ONT,NYC,ONT,LGA,2026-11-12,42,169,WN,4655,1,395
2026-10-01,2026-10-02T02:18:18+00:00,ONT,NYC,ONT,LGA,2026-11-07,37,169,WN,2316,1,405
2026-10-01,2026-10-02T02:18:18+00:00,ONT,NYC,ONT,LGA,2026-11-09,39,169,WN,4655,1,395
2026-10-01,2026-10-02T02:18:18+00:00,ONT,NYC,ONT,LGA,2026-11-10,40,169,WN,1558,1,445
2026-10-01,2026-10-02T02:18:18+00:00,ONT,NYC,ONT,LGA,2026-11-14,44,169,WN,2316,1,405
2026-10-01,2026-10-02T02:18:18+00:00,ONT,NYC,ONT,LGA,2026-11-01,31,170,WN,2432,1,470
2026-10-01,2026-10-02T02:18:18+00:00,LAX,NYC,LAX,EWR,2026-11-11,41,174,F9,1756,2,903
2026-10-01,2026-10-02T02:18:18+00:00,ONT,NYC,ONT,LGA,2026-11-05,35,179,WN,277,1,570
2026-10-01,2026-10-02T02:18:18+00:00,ONT,NYC,ONT,LGA,2026-11-08,38,188,AA,2111,1,451
2026-10-01,2026-10-02T02:18:18+00:00,ONT,NYC,ONT,LGA,2026-11-23,53,190,AA,2198,1,424
2026-10-01,2026-10-02T02:18:18+00:00,LAX,NYC,LAX,EWR,2026-11-19,49,201,AS,1865,1,579
2026-10-01,2026-10-02T02:18:18+00:00,ONT,NYC,ONT,JFK,2026-11-22,52,228,AA,1423,1,520
2026-10-01,2026-10-02T02:18:18+00:00,LAX,NYC,LAX,LGA,2026-11-27,57,230,WN,2511,1,630
2026-10-01,2026-10-02T02:18:18+00:00,LAX,NYC,LAX,LGA,2026-11-21,51,256,F9,3992,1,1257
2026-10-01,2026-10-02T02:18:18+00:00,LAX,NYC,LAX,JFK,2026-11-29,59,266,F9,2334,1,2788
2026-10-01,2026-10-02T02:18:18+00:00,ONT,NYC,ONT,JFK,2026-11-20,50,285,AA,1820,1,533
2026-10-01,2026-10-02T02:18:18+00:00,LAX,NYC,LAX,EWR,2026-11-28,58,388,F8,1889,3,2315
2026-10-01,2026-10-02T02:18:18+00:00,LAX,NYC,LAX,LGA,2026-12-05,65,128,F9,3156,2,2100
2026-10-01,2026-10-02T02:18:18+00:00,LAX,NYC,LAX,LGA,2026-12-09,69,148,F9,3156,2,2100
2026-10-01,2026-10-02T02:18:18+00:00,ONT,NYC,ONT,LGA,2026-12-12,72,168,WN,2316,1,405
2026-10-01,2026-10-02T02:18:18+00:00,ONT,NYC,ONT,LGA,2026-12-16,76,169,WN,1558,1,445
2026-10-01,2026-10-02T02:18:18+00:00,ONT,NYC,ONT,LGA,2026-12-15,75,170,WN,1729,1,490
2026-10-01,2026-10-02T02:18:18+00:00,LAX,NYC,LAX,EWR,2026-12-11,71,186,F9,1184,3,2278
2026-10-01,2026-10-02T02:18:18+00:00,ONT,NYC,ONT,LGA,2026-12-25,85,187,AA,3068,1,489
2026-10-01,2026-10-02T02:18:18+00:00,ONT,NYC,ONT,LGA,2026-12-10,70,189,AA,1820,1,559
2026-10-01,2026-10-02T02:18:18+00:00,LAX,NYC,LAX,LGA,2026-12-17,77,225,WN,4977,1,590
2026-10-01,2026-10-02T02:18:18+00:00,ONT,NYC,ONT,LGA,2026-12-31,91,228,AA,3068,1,604
2026-10-01,2026-10-02T02:18:18+00:00,ONT,NYC,ONT,LGA,2026-12-21,81,234,UA,1813,1,439
2026-10-01,2026-10-02T02:18:18+00:00,LAX,NYC,LAX,LGA,2026-12-22,82,238,UA,1941,1,495
2026-10-01,2026-10-02T02:18:18+00:00,LAX,NYC,LAX,LGA,2026-12-23,83,238,UA,2231,1,605
2026-10-01,2026-10-02T02:18:18+00:00,LAX,NYC,LAX,LGA,2026-12-19,79,249,F9,3992,1,912
2026-10-01,2026-10-02T02:18:18+00:00,ONT,NYC,ONT,LGA,2026-12-20,80,252,AA,2277,1,513
2026-10-01,2026-10-02T02:18:18+00:00,LAX,NYC,LAX,LGA,2026-12-27,87,275,F9,4146,1,1291
2026-10-01,2026-10-02T02:18:18+00:00,LAX,NYC,BUR,LGA,2026-12-28,88,290,WN,1053,1,785
2026-10-01,2026-10-02T02:18:18+00:00,LAX,NYC,BUR,LGA,2026-12-26,86,334,WN,4559,1,665
2026-10-01,2026-10-02T02:18:18+00:00,ONT,NYC,ONT,JFK,2027-01-11,102,161,AS,1529,1,553
2026-10-01,2026-10-02T02:18:18+00:00,ONT,NYC,ONT,JFK,2027-01-06,97,162,AS,1529,1,553
2026-10-01,2026-10-02T02:18:18+00:00,ONT,NYC,ONT,LGA,2027-01-09,100,162,AA,1085,1,514
2026-10-01,2026-10-02T02:18:18+00:00,ONT,NYC,ONT,JFK,2027-01-10,101,163,AS,1529,1,553
2026-10-01,2026-10-02T02:18:18+00:00,ONT,NYC,ONT,JFK,2027-01-23,114,163,AS,1529,1,553
2026-10-01,2026-10-02T02:18:18+00:00,LAX,NYC,LAX,LGA,2027-01-04,95,194,B6,700,1,555
2026-10-01,2026-10-02T02:18:18+00:00,ONT,NYC,ONT,LGA,2027-01-02,93,260,UA,1813,1,503
2026-10-01,2026-10-02T02:18:18+00:00,ONT,NYC,ONT,JFK,2027-02-09,131,161,AS,1529,1,553
2026-10-01,2026-10-02T02:18:18+00:00,LAX,NYC,BUR,JFK,2027-02-20,142,192,AS,709,1,540
2026-10-01,2026-10-02T02:18:18+00:00,LAX,NYC,LAX,LGA,2027-03-01,151,162,F9,1630,2,1534
2026-10-01,2026-10-02T02:18:18+00:00,LAX,NYC,LAX,EWR,2027-04-01,182,213,AS,1397,1,531
2026-10-01,2026-10-02T02:18:18+00:00,LAX,NYC,LAX,EWR,2027-05-07,218,202,AS,638,0,335
2026-10-01,2026-10-02T02:18:18+00:00,LAX,NYC,LAX,EWR,2027-05-26,237,210,AS,361,0,335
2026-10-01,2026-10-02T02:18:18+00:00,LAX,NYC,LAX,EWR,2027-05-21,232,211,AS,361,0,335
2026-10-01,2026-10-02T02:18:18+00:00,LAX,NYC,LAX,EWR,2027-05-24,235,211,AS,361,0,335
2026-10-01,2026-10-02T02:18:18+00:00,LAX,NYC,LAX,EWR,2027-07-15,287,208,AS,361,0,335
2026-10-01,2026-10-02T02:18:18+00:00,LAX,NYC,LAX,EWR,2027-07-10,282,211,AS,638,0,335
2026-10-01,2026-10-02T02:18:18+00:00,LAX,NYC,LAX,EWR,2027-07-03,275,222,AS,361,0,335
2026-10-01,2026-10-02T02:18:18+00:00,LAX,NYC,LAX,EWR,2027-08-30,333,409,UA,1950,0,325
2026-10-01,2026-10-02T02:18:18+00:00,LAX,NYC,LAX,EWR,2027-08-31,334,492,AC,557,1,1383
2026-10-01,2026-10-02T02:18:18+00:00,LAX,NYC,LAX,JFK,2027-09-18,352,2270,BR,15,2,2470
